<?xml version="1.0" encoding="UTF-8"?>
<!DOCTYPE mapper
        PUBLIC "-//mybatis.org//DTD Mapper 3.0//EN"
        "http://mybatis.org/dtd/mybatis-3-mapper.dtd">
        
<mapper namespace="Login">
	
	<resultMap id="LoginMap" type="com.spring.login.vo.UserVo">
		<result property="u_idx"  		   column="" javaType="int" />
		<result property="u_id"   		   column="" javaType="string" />
		<result property="u_pw"   		   column="" javaType="string" />
		
		<result property="u_name" 		   column="" javaType="string" />
		<result property="age"    		   column="" javaType="int" />
		<result property="gender" 		   column="" javaType="string" />
		<result property="u_tel" 		   column="" javaType="string" />
		<result property="u_question" 	   column="" javaType="string" />
		<result property="answer" 		   column="" javaType="string" />
		<result property="d_id" 		   column="" javaType="string" />
		<result property="com_val" 		   column="" javaType="string" />
		<result property="s_id" 		   column="" javaType="string" />
		<result property="tb_time" 		   column="" javaType="string" />
		<result property="tb_price"        column="" javaType="int" />
		<result property="sr_start_time"   column="" javaType="string" />
		<result property="sr_use_time"     column="" javaType="int" />
		<result property="tb_discount"     column="" javaType="int" />
		<result property="t_price"         column="" javaType="int" />
		
		<result property="sum_tb_time"     column="" javaType="int" />
		<result property="sum_tb_price"    column="" javaType="int" />
		<result property="sum_t_price"     column="" javaType="int" />
		<result property="sum_tb_discount" column="" javaType="int" />
		<result property="sum_t_hour" 	   column="" javaType="int" />
		<result property="sum_sr_use_time" column="" javaType="int" />
		<result property="left_hours" 	   column="" javaType="int" />
	</resultMap>
	
	<select id="DoLogin" statementType="CALLABLE" parameterType="hashmap" resultType="com.spring.login.vo.UserVo">
		{	CALL PKG_USERS.PROC_USERS_LOGIN
			(
				#{ u_id,   mode=IN,  jdbcType=VARCHAR },
				#{ u_pw,   mode=IN,  jdbcType=VARCHAR },
				#{ result, mode=OUT, jdbcType=CURSOR, javaType=ResultSet, resultMap=LoginMap }
			)
		}
	</select>
	
</mapper>