<?xml version="1.0" encoding="UTF-8"?>
<!DOCTYPE mapper
        PUBLIC "-//mybatis.org//DTD Mapper 3.0//EN"
        "http://mybatis.org/dtd/mybatis-3-mapper.dtd">
<mapper namespace="Admin">

   <!--   UsersVo 속성 -->
   <resultMap id="adminMap" type="com.spring.admin.vo.UsersVo">
   	  
      <result property="u_idx" column="U_IDX" javaType="int" />
      <result property="u_id" column="U_ID" javaType="string" />
      <result property="u_pw" column="U_PW" javaType="string" />
      <result property="u_name" column="U_NAME" javaType="string" />
      <result property="u_age" column="U_AGE" javaType="int" />
      <result property="u_gender" column="U_GENDER" javaType="string" />
      <result property="u_tel" column="U_TEL" javaType="string" />
      <result property="u_question" column="U_QUESTION" javaType="string" />
      <result property="u_answer" column="U_ANSWER" javaType="string" />
      <result property="d_id" column="D_ID" javaType="string" />
      
   </resultMap>
   
   <!--  TicketsVo 속성 -->
   <resultMap id="ticketMap" type="com.spring.admin.vo.TicketsVo">
   
      <result property="com_val" column ="COM_VAL" javaType="string"/>
      <result property="t_hour" column ="T_HOUR" javaType="int"/>
      <result property="t_price" column ="T_PRICE" javaType="int"/>
      <result property="com_id" column ="COM_ID" javaType="string"/>
      <result property="t_id" column ="T_ID" javaType="string"/>
      <result property="grp_id" column ="GRP_ID" javaType="string"/>
      <result property="com_lvl" column ="COM_LVL" javaType="int"/>
      <result property="parent_id" column ="PARENT_ID" javaType="string"/>
      <result property="t_gubun" column ="T_GUBUN" javaType="string"/>
      
      <result property="tb_time" column ="TB_TIME" javaType="string"/>
      <result property="tb_idx" column ="TB_IDX" javaType="int"/>
      
      
      
   </resultMap>
   
   <!--  SeatsVo 속성 -->
    
    <resultMap id="seatMap" type="com.spring.admin.vo.SeatsVo">
   
      <result property="s_id" column ="S_ID" javaType="string"/>
      <result property="sh_end_time" column ="SH_END_TIME" javaType="string"/>
      <result property="r_id" column ="R_ID" javaType="string"/>
      <result property="s_status" column ="S_STATUS" javaType="string"/>
      <result property="grp_id" column ="GRP_ID" javaType="string"/>
      <result property="u_id" column ="U_ID" javaType="string"/>
      <result property="r_cap" column ="R_CAP" javaType="string"/>
      <result property="r_gender" column ="R_GENDER" javaType="string"/>
      
      <result property="r_name" column ="R_NAME" javaType="string"/>
      <result property="sum_seats" column ="SUM_SEATS" javaType="int"/>
      <result property="usable_seats" column ="USABLE_SEATS" javaType="int"/>
      <result property="unusable_seats" column ="UNUSABLE_SEATS" javaType="int"/>
      
      <result property="availability" column ="AVAILABILITY" javaType="string"/>
      <result property="bigo" column ="BIGO" javaType="string"/>
      
      
   </resultMap>
    
   
   <!-- 로그인 프로시져 -->
   <select id="viewUser" statementType="CALLABLE"  parameterType="hashmap" resultType="com.spring.admin.vo.UsersVo"> 
	 {CALL PKG_USERS.PROC_USERS_VIEW(
      #{u_id, mode=IN, jdbcType=VARCHAR},
      #{u_pw, mode=IN, jdbcType=VARCHAR},
      #{result, mode=OUT, jdbcType=CURSOR, javaType=ResultSet, resultMap=adminMap}
      )}
   </select>
    <!-- 로그인 프로시져  끝-->
    
    <!-- 유저 프로시져 -->
   <select id="UserList" statementType="CALLABLE"
      parameterType="hashmap" resultType="com.spring.admin.vo.UsersVo">

      {CALL PKG_USERS.PROC_USERS_SEL(
      #{result, mode=OUT, jdbcType=CURSOR, javaType=ResultSet, resultMap=adminMap}
      )}
      
   </select>
   
    <delete id="UserDelete" parameterType="hashmap">
   	  {CALL PKG_USERS.PROC_USERS_DEL(
      #{u_id, mode=IN, jdbcType=VARCHAR}
      )}
   </delete>
   
   <select id="UserUpdate" statementType="CALLABLE"
      parameterType="hashmap" resultType="com.spring.admin.vo.UsersVo">
   		{CALL PKG_USERS.PROC_USERS_UPDATE(
   			
   			#{u_id, mode=IN, jdbcType=VARCHAR},
   			#{u_pw, mode=IN, jdbcType=VARCHAR},
   			#{u_name, mode=IN, jdbcType=VARCHAR},
   			#{u_age, mode=IN, jdbcType=INTEGER},
   			#{u_gender, mode=IN, jdbcType=VARCHAR},
   			#{u_tel, mode=IN, jdbcType=VARCHAR},
   			#{u_question, mode=IN, jdbcType=VARCHAR},
   			#{u_answer, mode=IN, jdbcType=VARCHAR},
   		    #{o_err_code, mode=OUT, jdbcType=VARCHAR},
      		#{o_err_msg, mode=OUT, jdbcType=VARCHAR}
   		)}
   </select>
    <!-- 유저 프로시져 끝 --> 
    
    <!-- 티켓 프로시져 -->
    <select id="TicketList" statementType="CALLABLE"
      parameterType="hashmap" resultType="com.spring.admin.vo.TicketsVo">
  		{CALL PKG_TICKETS.PROC_TICKETS_SEL(
   			
   			#{result, mode=OUT, jdbcType=CURSOR, javaType=ResultSet, resultMap=ticketMap}
   		)}
    </select>
    
    <delete id="TicketDelete" parameterType="hashmap">
   	  {CALL PKG_TICKETS.PROC_TICKETS_DEL(
      #{com_id, mode=IN, jdbcType=VARCHAR},
      #{t_id, mode=IN, jdbcType=VARCHAR}
      )}
   </delete>
   
   <select id="TicketUpdate" statementType="CALLABLE" parameterType="hashmap" resultType="com.spring.admin.vo.TicketsVo" >
   	{CALL PKG_TICKETS.PROC_TICKETS_UPDATE(
   	  
   	  #{com_id, mode=IN, jdbcType=VARCHAR}, 
      #{com_val, mode=IN, jdbcType=VARCHAR}, 
      #{grp_id, mode=IN, jdbcType=VARCHAR},
      #{t_id, mode=IN, jdbcType=VARCHAR}, 
      #{t_hour, mode=IN, jdbcType=INTEGER}, 
      #{t_price, mode=IN, jdbcType=INTEGER},
      #{o_err_code, mode=OUT, jdbcType=VARCHAR},
      #{o_err_msg, mode=OUT, jdbcType=VARCHAR}
   	)}
   
   </select>
   
   <select id="TicketAdd" statementType="CALLABLE" parameterType="hashmap" resultType="com.spring.admin.vo.TicketsVo">
   {CALL PKG_TICKETS.PROC_TICKETS_INS(
           #{t_hour,  mode=IN, jdbcType=INTEGER},
           #{t_price, mode=IN, jdbcType=INTEGER},
           #{com_val, mode=IN, jdbcType=VARCHAR},
           #{o_err_code, mode=OUT, jdbcType=VARCHAR},
           #{o_err_msg, mode=OUT, jdbcType=VARCHAR}
        )}
   </select>
   
   <select id="SaleList" statementType="CALLABLE"
      parameterType="hashmap" resultType="com.spring.admin.vo.TicketsVo">

      {CALL PKG_TICKETS.PROC_TICKETS_SALE(
      #{result, mode=OUT, jdbcType=CURSOR, javaType=ResultSet, resultMap=ticketMap}
      )}
      
   </select>
    
    <!-- 티켓 프로시져 끝-->
   
   <!--  좌석 프로시져 시작 -->
   
   <select id="RoomList" statementType="CALLABLE"
      parameterType="hashmap" resultType="com.spring.admin.vo.SeatsVo">

      {CALL PKG_ROOMS.PROC_ROOMS_SEL(
      #{result, mode=OUT, jdbcType=CURSOR, javaType=ResultSet, resultMap=seatMap}
      )}
      
   </select>
    
    
   <select id="SeatList" statementType="CALLABLE"
      parameterType="hashmap" resultType="com.spring.admin.vo.SeatsVo"> 
      {CALL PKG_SEATS.PROC_SEATS_SEL(
      #{r_id, mode=IN, jdbcType=VARCHAR},
      #{result, mode=OUT, jdbcType=CURSOR, javaType=ResultSet, resultMap=seatMap}
      )}
   </select>
   
   <update id="SeatUpdate" parameterType="hashmap">
   
   	{CALL PKG_SEATS.PROC_SEATS_CHANGE(
   		#{s_id, mode=IN, jdbcType=VARCHAR}
   	)}
   </update>
   <!--  좌석 프로시져 끝 -->
   

</mapper>







