<?xml version="1.0" encoding="UTF-8"?>
<!DOCTYPE mapper
        PUBLIC "-//mybatis.org//DTD Mapper 3.0//EN"
        "http://mybatis.org/dtd/mybatis-3-mapper.dtd">
<mapper namespace="Board">

   <resultMap id="boardMap" type="com.spring.board.vo.BoardVo">
      <result property="b_idx" column="B_IDX" javaType="int" />
      <result property="b_menu_id" column="B_MENU_ID" javaType="string" />
      <result property="b_menu_name" column="B_MENU_NAME" javaType="string" />
      <result property="b_title" column="B_TITLE" javaType="string" />
      <result property="b_cont" column="B_CONT" javaType="string" />
      <result property="b_writer" column="B_WRITER" javaType="string" />
      <result property="b_regdate" column="B_REGDATE" javaType="string" />
      
      <result property="b_readcount" column="B_READCOUNT" javaType="int" />
      <result property="b_bnum" column="B_BNUM" javaType="int" />
      <result property="b_lvl" column="B_LVL" javaType="int" />
      <result property="b_step" column="B_STEP" javaType="int" />
      <result property="b_nref" column="B_NREF" javaType="int" />
      <result property="b_delnum" column="B_DELNUM" javaType="int" />
      
      <result property="o_err_code" column="O_ERR_CODE" javaType="string" />
      <result property="o_err_msg" column="O_ERR_MSG" javaType="string" />
      
   </resultMap>
	
	<select id="MenuList" statementType="CALLABLE" 
    parameterType="hashmap" resultType="com.spring.board.vo.BoardVo">
      {CALL PKG_BOARD.PROC_MENU_LIST(
      #{o_err_code, mode=OUT, jdbcType=VARCHAR},
      #{o_err_msg, mode=OUT, jdbcType=VARCHAR},
      #{result, mode=OUT, jdbcType=CURSOR, javaType=ResultSet, resultMap=boardMap}
      )}
   </select>
   
	<select id="BoardList" statementType="CALLABLE" 
    parameterType="hashmap" resultType="com.spring.board.vo.BoardVo">
      {CALL PKG_BOARD.PROC_BOARD_SELECT(
      #{b_menu_id, mode=IN, jdbcType=VARCHAR},
      #{p_nowpage, mode=IN, jdbcType=INTEGER},
      #{p_pagecount, mode=IN, jdbcType=INTEGER},
      #{p_recordcount, mode=OUT, jdbcType=INTEGER},
      #{o_err_code, mode=OUT, jdbcType=VARCHAR},
      #{o_err_msg, mode=OUT, jdbcType=VARCHAR},
      #{result, mode=OUT, jdbcType=CURSOR, javaType=ResultSet, resultMap=boardMap}
      )}
   </select>
   
   <select id="noticeList" statementType="CALLABLE" 
    parameterType="hashmap" resultType="com.spring.board.vo.BoardVo">
      {CALL PKG_BOARD.PROC_NOTICE_SELECT(
      #{b_menu_id, mode=IN, jdbcType=VARCHAR},
      #{o_err_code, mode=OUT, jdbcType=VARCHAR},
      #{o_err_msg, mode=OUT, jdbcType=VARCHAR},
      #{result, mode=OUT, jdbcType=CURSOR, javaType=ResultSet, resultMap=boardMap}
      )}
   </select>
   
   <insert id="noticeWrite" statementType="CALLABLE" parameterType="hashmap"> 
      {CALL PKG_BOARD.PROC_NOTICE_INSERT(
      #{b_menu_id, mode=IN, jdbcType=VARCHAR},
      #{b_title, mode=IN, jdbcType=VARCHAR},
      #{b_cont, mode=IN, jdbcType=VARCHAR},
      #{b_writer, mode=IN, jdbcType=VARCHAR},
      #{b_bnum, mode=IN, jdbcType=INTEGER},
      #{b_lvl, mode=IN, jdbcType=INTEGER},
      #{b_step, mode=IN, jdbcType=INTEGER},
      #{b_nref, mode=IN, jdbcType=INTEGER},
      #{o_err_code, mode=OUT, jdbcType=VARCHAR},
      #{o_err_msg, mode=OUT, jdbcType=VARCHAR}
      )}
      
   </insert>
  
  <update id="noticeDelete" statementType="CALLABLE" parameterType="hashmap">
	  {CALL PKG_BOARD.PROC_NOTICE_DELETE(
	  #{b_idx, mode=IN, jdbcType=INTEGER},
	  #{b_menu_id, mode=IN, jdbcType=VARCHAR},
	  #{o_err_code, mode=OUT, jdbcType=VARCHAR},
      #{o_err_msg, mode=OUT, jdbcType=VARCHAR}
	  )}
  </update>
  
  <select id="noticeUpdateForm" statementType="CALLABLE" 
    parameterType="hashmap" resultType="com.spring.board.vo.BoardVo">
      {CALL PKG_BOARD.PROC_NOTICE_VIEW(
      #{b_idx, mode=IN, jdbcType=INTEGER},
      #{o_err_code, mode=OUT, jdbcType=VARCHAR},
      #{o_err_msg, mode=OUT, jdbcType=VARCHAR},
      #{result, mode=OUT, jdbcType=CURSOR, javaType=ResultSet, resultMap=boardMap}
      )}
   </select>

	<update id="noticeUpdate" statementType="CALLABLE"
		parameterType="hashmap">
		{CALL PKG_BOARD.PROC_NOTICE_UPDATE(
		#{b_idx, mode=IN, jdbcType=INTEGER},
		#{b_title, mode=IN, jdbcType=VARCHAR},
		#{b_cont, mode=IN, jdbcType=VARCHAR},
		#{b_writer, mode=IN, jdbcType=VARCHAR},
		#{o_err_code, mode=OUT, jdbcType=VARCHAR},
        #{o_err_msg, mode=OUT, jdbcType=VARCHAR}
		)}
	</update>
   
	<insert id="SetCommnet" statementType="CALLABLE" parameterType="hashmap">
		{CALL PKG_BOARD.PROC_COMMENT_INSERT(
		#{b_menu_id, mode=IN, jdbcType=VARCHAR},
		#{b_title, mode=IN, jdbcType=VARCHAR},
		#{b_cont, mode=IN, jdbcType=VARCHAR},
		#{b_writer, mode=IN, jdbcType=VARCHAR},
		#{b_bnum, mode=IN, jdbcType=INTEGER},
		#{b_lvl, mode=IN, jdbcType=INTEGER},
		#{b_step, mode=IN, jdbcType=INTEGER},
		#{b_nref, mode=IN, jdbcType=INTEGER},
		#{o_err_code, mode=OUT, jdbcType=VARCHAR},
        #{o_err_msg, mode=OUT, jdbcType=VARCHAR}
		)}
	</insert>
</mapper>







