<?xml version="1.0" encoding="UTF-8"?>
<!DOCTYPE mapper
        PUBLIC "-//mybatis.org//DTD Mapper 3.0//EN"
        "http://mybatis.org/dtd/mybatis-3-mapper.dtd">
<mapper namespace="User">

   <resultMap id="userMap" type="com.spring.admin.vo.UsersVo">
      <result property="u_idx" column="U_IDX" javaType="int" />
      <result property="u_id" column="U_ID" javaType="string" />
      <result property="u_pw" column="U_PW" javaType="string" />
      <result property="u_name" column="U_NAME" javaType="string" />
      <result property="u_age" column="U_AGE" javaType="int" />
      <result property="u_gender" column="U_GENDER" javaType="string" />
      <result property="u_tel" column="U_TEL" javaType="string" />
      <result property="u_question" column="U_QUESTION" javaType="string" />
      <result property="u_answer" column="U_ANSWER" javaType="string" />
      <result property="d_id" column="D_ID" javaType="string" />
   </resultMap>
	
	<select id="Login" statementType="CALLABLE" 
    parameterType="hashmap" resultType="com.spring.admin.vo.UsersVo">
     
      {CALL PKG_USERS.PROC_USERS_LOGIN(
      #{u_id, mode=IN, jdbcType=VARCHAR},
      #{u_pw, mode=IN, jdbcType=VARCHAR},
      #{result, mode=OUT, jdbcType=CURSOR, javaType=ResultSet, resultMap=userMap}
      )}
   </select>

</mapper>







